"corr","avg","stddev"
"0.6116150291478822","64.0000417536534447","38.2872371438176216"
